{"cameraMode":{"drawMode":0,"name":"Shaded","section":"Shading Mode"},"sceneLighting":true,"audioPlay":false,"sceneViewState":{"showFog":true,"showMaterialUpdate":true,"showSkybox":true,"showFlares":true,"showImageEffects":true,"showParticleSystems":true},"in2DMode":false,"pivot":{"x":5.621304035186768,"y":4.221280097961426,"z":1.6922938823699952},"rotation":{"x":0.10331167280673981,"y":-0.008353686891496182,"z":0.0008676989818923175,"w":0.9946136474609375},"size":25.695453643798829,"orthographic":false}